,df,sum_sq,mean_sq,F,PR(>F)
C(type),6.0,137487.91029497347,22914.65171582891,6.447529503624555,1.4176499248488422e-06
Residual,532.0,1890738.880057531,3554.0204512359605,,
