,sum_sq,df,F,PR(>F)
C(type),137487.910294974,6.0,6.44752950362458,1.4176499248487993e-06
Residual,1890738.880057531,532.0,,
