,time_prep,time_cook,rating_num
time_prep,1.0,0.03843894733939868,-0.017579461759484747
time_cook,0.03843894733939868,1.0,0.08839477799921616
rating_num,-0.017579461759484747,0.08839477799921616,1.0
